{
  "credit": "By Ewan Howell",
  "parent": "block/block",
  "textures": {
    "particle": "#base"
  },
  "elements": [
    {
      "from": [
        0,
        0,
        0
      ],
      "to": [
        16,
        16,
        16
      ],
      "faces": {
        "north": {
          "uv": [
            0,
            0,
            16,
            16
          ],
          "texture": "#base",
          "cullface": "north"
        },
        "east": {
          "uv": [
            0,
            0,
            16,
            16
          ],
          "texture": "#base",
          "cullface": "east"
        },
        "south": {
          "uv": [
            0,
            0,
            16,
            16
          ],
          "texture": "#base",
          "cullface": "south"
        },
        "west": {
          "uv": [
            0,
            0,
            16,
            16
          ],
          "texture": "#base",
          "cullface": "west"
        },
        "up": {
          "uv": [
            0,
            0,
            16,
            16
          ],
          "texture": "#base",
          "cullface": "up"
        },
        "down": {
          "uv": [
            0,
            0,
            16,
            16
          ],
          "texture": "#base",
          "cullface": "down"
        }
      }
    },
    {
      "from": [
        0,
        0,
        0
      ],
      "to": [
        16,
        16,
        16
      ],
      "light_emission": 15,
      "faces": {
        "north": {
          "uv": [
            0,
            0,
            16,
            16
          ],
          "texture": "#glow_side",
          "cullface": "north"
        },
        "east": {
          "uv": [
            0,
            0,
            16,
            16
          ],
          "texture": "#glow_side",
          "cullface": "east"
        },
        "south": {
          "uv": [
            0,
            0,
            16,
            16
          ],
          "texture": "#glow_side",
          "cullface": "south"
        },
        "west": {
          "uv": [
            0,
            0,
            16,
            16
          ],
          "texture": "#glow_side",
          "cullface": "west"
        },
        "up": {
          "uv": [
            0,
            0,
            16,
            16
          ],
          "texture": "#glow",
          "cullface": "up"
        },
        "down": {
          "uv": [
            0,
            0,
            16,
            16
          ],
          "texture": "#glow",
          "cullface": "down"
        }
      }
    }
  ]
}